crop_type,district,rainfall,temperature,humidity,soil_type,soil_ph,water_availability,area,fertilizer,pesticide,production,yield
Arhar/Tur,Adilabad,920,28,70,Black,6.7,Medium,261516.0,37786446.84,70609.32,138315,0.577777778
Arhar/Tur,Bhadradri Kothagudem,1100,28,70,Clay,6.5,High,1398.0,201997.02,377.46,922,0.61
Bajra,Hanumakonda,860,30,60,Black,6.7,Medium,4281.0,618561.69,1155.87,4033,0.964
Bajra,Hyderabad,700,32,55,Sandy,6.3,Low,8937.0,1291307.13,2412.99,8419,0.97
Banana,Jagtial,850,30,60,Black,6.7,Medium,1522.0,219913.78,410.94,47401,31.14714286
Cashewnut,Jangaon,800,30,60,Loamy,6.4,Medium,4235.0,611915.15,1143.45,2710,0.635
Castor Seed,Jayashankar Bhupalpally,980,30,60,Clay,6.5,High,78475.0,11338852.75,21188.25,55516,0.60625
Castor Seed,Jogulamba Gadwal,720,32,55,Loamy,6.4,Low,1358.0,196217.42,366.66,964,0.713333333
Coconut,Kamareddy,840,30,60,Loamy,6.4,Medium,428.0,61841.72,115.56,6956712,16254.0
Coriander,Karimnagar,830,30,60,Black,6.7,Medium,1378.0,199107.22,372.06,978,0.701428571
Cotton(Lint),Khammam,1000,30,60,Clay,6.5,High,1712830.0,247486806.7,462464.1,4265305,2.458888889
Cowpea(Lobia),Kumuram Bheem Asifabad,950,28,70,Black,6.7,High,2162.0,312387.38,583.74,1209,0.515
Cowpea(Lobia),Mahabubabad,900,30,60,Clay,6.5,Medium,8572.0,1238568.28,2314.44,6669,0.75
Dry Chillies,Mahabubnagar,730,32,55,Loamy,6.4,Low,54378.0,7857077.22,14682.06,171985,2.717777778
Dry Chillies,Mancherial,890,30,60,Black,6.7,Medium,24557.0,3548240.93,6630.39,107792,4.40625
Ginger,Medak,780,30,60,Black,6.7,Low,1767.0,255313.83,477.09,12703,6.776666667
Ginger,Medchal-Malkajgiri,710,30,60,Sandy,6.3,Low,4.0,577.96,1.08,26,6.5
Gram,Mulugu,1150,28,70,Clay,6.5,High,54.0,7802.46,14.58,73,1.35
Gram,Nagarkurnool,760,30,60,Loamy,6.4,Low,113374.0,16381409.26,30610.98,194546,1.525555556
Groundnut,Nalgonda,770,32,55,Clay,6.5,Low,21394.0,3091219.06,5776.38,32071,1.25875
Groundnut,Narayanpet,700,32,55,Sandy,6.3,Low,188660.0,27259483.4,50938.2,323072,1.644444444
Horse-Gram,Nirmal,910,28,70,Black,6.7,Medium,507.0,73256.43,136.89,315,0.61
Horse-Gram,Nizamabad,880,30,60,Loamy,6.4,Medium,2437.0,352122.13,657.99,1165,0.481428571
Jowar,Peddapalli,820,30,60,Black,6.7,Medium,70833.0,10234660.17,19124.91,76868,0.951428571
Jowar,Rajanna Sircilla,810,30,60,Black,6.7,Medium,36331.0,5249466.19,9809.37,32017,0.906666667
Linseed,Rangareddy,720,30,60,Sandy,6.3,Low,229.0,33088.21,61.83,112,0.49
Maize,Sangareddy,760,30,60,Black,6.7,Low,552897.0,79888087.53,149282.19,2436849,4.022222222
Maize,Siddipet,790,30,60,Loamy,6.4,Low,197322.0,28511055.78,53276.94,1074644,5.292222222
Masoor,Suryapet,750,30,60,Clay,6.5,Low,382.0,55195.18,103.14,196,0.51
Mesta,Vikarabad,800,30,60,Loamy,6.4,Medium,25.0,3612.25,6.75,229,9.155
Mesta,Wanaparthy,730,30,60,Loamy,6.4,Low,85.0,12281.65,22.95,780,9.18
Moong(Green Gram),Warangal,870,30,60,Black,6.7,Medium,110951.0,16031309.99,29956.77,73489,0.656666667
Moong(Green Gram),Yadadri Bhuvanagiri,760,30,60,Clay,6.5,Low,12516.0,1808436.84,3379.32,11549,0.9325
Onion,Adilabad,920,28,70,Black,6.7,Medium,3984.0,575648.16,1075.68,74919,18.82666667
Onion,Bhadradri Kothagudem,1100,28,70,Clay,6.5,High,10794.0,1559625.06,2914.38,359826,31.81375
Other  Rabi Pulses,Hanumakonda,860,30,60,Black,6.7,Medium,467.0,67476.83,126.09,660,1.315
Other Kharif Pulses,Hyderabad,700,32,55,Sandy,6.3,Low,346.0,49993.54,93.42,109,0.37
Potato,Jagtial,850,30,60,Black,6.7,Medium,3512.0,507448.88,948.24,47411,14.71
Ragi,Jangaon,800,30,60,Loamy,6.4,Medium,1204.0,173965.96,325.08,1727,1.593333333
Ragi,Jayashankar Bhupalpally,980,30,60,Clay,6.5,High,511.0,73834.39,137.97,794,1.55
Rapeseed &Mustard,Jogulamba Gadwal,720,32,55,Loamy,6.4,Low,843.0,121805.07,227.61,644,0.834
Rice,Kamareddy,840,30,60,Loamy,6.4,Medium,1166334.0,168523599.7,314910.18,3768045,3.115555556
Rice,Karimnagar,830,30,60,Black,6.7,Medium,828103.0,119652602.5,223587.81,2813045,3.203333333
Safflower,Khammam,1000,30,60,Clay,6.5,High,7867.0,1136702.83,2124.09,5573,0.75
Sesamum,Kumuram Bheem Asifabad,950,28,70,Black,6.7,High,5713.0,825471.37,1542.51,1300,0.242857143
Sesamum,Mahabubabad,900,30,60,Clay,6.5,Medium,18484.0,2670753.16,4990.68,7410,0.392857143
Small Millets,Mahabubnagar,730,32,55,Loamy,6.4,Low,882.0,127440.18,238.14,665,0.75
Soyabean,Mancherial,890,30,60,Black,6.7,Medium,242438.0,35029866.62,65458.26,390305,1.6
Soyabean,Medak,780,30,60,Black,6.7,Low,14.0,2022.86,3.78,23,1.65
Sugarcane,Medchal-Malkajgiri,710,30,60,Sandy,6.3,Low,39309.0,5679757.41,10613.43,3376625,83.91888889
Sunflower,Mulugu,1150,28,70,Clay,6.5,High,2040.0,294759.6,550.8,1750,0.846666667
Sunflower,Nagarkurnool,760,30,60,Loamy,6.4,Low,17580.0,2540134.2,4746.6,16867,1.084444444
Sweet Potato,Nalgonda,770,32,55,Clay,6.5,Low,109.0,15749.41,29.43,742,7.57
Tobacco,Narayanpet,700,32,55,Sandy,6.3,Low,2218.0,320478.82,598.86,3889,3.106666667
Tobacco,Nirmal,910,28,70,Black,6.7,Medium,3839.0,554697.11,1036.53,9718,2.968333333
Turmeric,Nizamabad,880,30,60,Loamy,6.4,Medium,49638.0,7172194.62,13402.26,252061,4.785555556
Urad,Peddapalli,820,30,60,Black,6.7,Medium,32090.0,4636684.1,8664.3,26377,0.83125
Urad,Rajanna Sircilla,810,30,60,Black,6.7,Medium,9473.0,1368753.77,2557.71,9028,0.912857143
Wheat,Rangareddy,720,30,60,Sandy,6.3,Low,7039.0,1017065.11,1900.53,4366,0.74
Other Oilseeds,Sangareddy,760,30,60,Black,6.7,Low,3645.0,526666.05,984.15,45575,8.973333333
Arhar/Tur,Siddipet,790,30,60,Loamy,6.4,Low,219791.0,33179649.36,72531.03,108665,0.497777778
Arhar/Tur,Suryapet,750,30,60,Clay,6.5,Low,878.0,132542.88,289.74,614,0.528571429
Bajra,Vikarabad,800,30,60,Loamy,6.4,Medium,1975.0,298146.0,651.75,1851,0.848
Bajra,Wanaparthy,730,30,60,Loamy,6.4,Low,9243.0,1395323.28,3050.19,8659,0.923333333
Banana,Warangal,870,30,60,Black,6.7,Medium,1707.0,257688.72,563.31,71988,42.26375
Cashewnut,Yadadri Bhuvanagiri,760,30,60,Clay,6.5,Low,4089.0,617275.44,1349.37,2290,0.57
Castor Seed,Adilabad,920,28,70,Black,6.7,Medium,49717.0,7505278.32,16406.61,28724,0.474285714
Castor Seed,Bhadradri Kothagudem,1100,28,70,Clay,6.5,High,1000.0,150960.0,330.0,576,0.5025
Coconut,Hanumakonda,860,30,60,Black,6.7,Medium,439.0,66271.44,144.87,9265095,21105.0
Coriander,Hyderabad,700,32,55,Sandy,6.3,Low,1597.0,241083.12,527.01,382,0.241428571
Cotton(Lint),Jagtial,850,30,60,Black,6.7,Medium,1662925.0,251035158.0,548765.25,3583327,2.068888889
Cowpea(Lobia),Jangaon,800,30,60,Loamy,6.4,Medium,1642.0,247876.32,541.86,1511,0.94
Cowpea(Lobia),Jayashankar Bhupalpally,980,30,60,Clay,6.5,High,8538.0,1288896.48,2817.54,8385,0.97
Dry Chillies,Jogulamba Gadwal,720,32,55,Loamy,6.4,Low,55485.0,8376015.6,18310.05,180323,2.612222222
Dry Chillies,Kamareddy,840,30,60,Loamy,6.4,Medium,17789.0,2685427.44,5870.37,72937,4.2025
Ginger,Karimnagar,830,30,60,Black,6.7,Medium,2186.0,329998.56,721.38,16540,7.78
Gram,Khammam,1000,30,60,Clay,6.5,High,59337.0,8957513.52,19581.21,81277,1.283333333
Groundnut,Kumuram Bheem Asifabad,950,28,70,Black,6.7,High,12402.0,1872205.92,4092.66,21533,1.36125
Groundnut,Mahabubabad,900,30,60,Clay,6.5,Medium,142396.0,21496100.16,46990.68,273702,1.85
Horse-Gram,Mahabubnagar,730,32,55,Loamy,6.4,Low,529.0,79857.84,174.57,274,0.51
Horse-Gram,Mancherial,890,30,60,Black,6.7,Medium,1778.0,268406.88,586.74,679,0.39375
Jowar,Medak,780,30,60,Black,6.7,Low,42616.0,6433311.36,14063.28,46996,0.885555556
Jowar,Medchal-Malkajgiri,710,30,60,Sandy,6.3,Low,36385.0,5492679.6,12007.05,36271,0.974444444
Linseed,Mulugu,1150,28,70,Clay,6.5,High,45.0,6793.2,14.85,18,0.4
Maize,Nagarkurnool,760,30,60,Loamy,6.4,Low,521865.0,78780740.4,172215.45,1408615,2.935555556
Maize,Nalgonda,770,32,55,Clay,6.5,Low,169606.0,25603721.76,55969.98,899436,4.993333333
Masoor,Narayanpet,700,32,55,Sandy,6.3,Low,54.0,8151.84,17.82,21,0.39
Mesta,Nirmal,910,28,70,Black,6.7,Medium,7.0,1056.72,2.31,50,7.14
Mesta,Nizamabad,880,30,60,Loamy,6.4,Medium,170.0,25663.2,56.1,1205,7.09
Moong(Green Gram),Peddapalli,820,30,60,Black,6.7,Medium,69848.0,10544254.08,23049.84,34548,0.47
Moong(Green Gram),Rajanna Sircilla,810,30,60,Black,6.7,Medium,17504.0,2642403.84,5776.32,10306,0.59625
Onion,Rangareddy,720,30,60,Sandy,6.3,Low,5552.0,838129.92,1832.16,86305,15.05142857
Onion,Sangareddy,760,30,60,Black,6.7,Low,8367.0,1263082.32,2761.11,228542,26.84555556
Other  Rabi Pulses,Siddipet,790,30,60,Loamy,6.4,Low,107.0,16152.72,35.31,141,1.11
Other Kharif Pulses,Suryapet,750,30,60,Clay,6.5,Low,146.0,22040.16,48.18,75,0.603333333
Potato,Vikarabad,800,30,60,Loamy,6.4,Medium,9.0,1358.64,2.97,173,19.22
Potato,Wanaparthy,730,30,60,Loamy,6.4,Low,3037.0,458465.52,1002.21,41069,14.92
Ragi,Warangal,870,30,60,Black,6.7,Medium,1196.0,180548.16,394.68,1333,1.38
Ragi,Yadadri Bhuvanagiri,760,30,60,Clay,6.5,Low,331.0,49967.76,109.23,415,1.2675
Rapeseed &Mustard,Adilabad,920,28,70,Black,6.7,Medium,2254.0,340263.84,743.82,3962,1.62
Rice,Bhadradri Kothagudem,1100,28,70,Clay,6.5,High,920307.0,138929544.7,303701.31,2854873,2.958888889
Rice,Hanumakonda,860,30,60,Black,6.7,Medium,495113.0,74742258.48,163387.29,1690109,3.332222222
Safflower,Hyderabad,700,32,55,Sandy,6.3,Low,4155.0,627238.8,1371.15,3100,0.752
Sesamum,Jagtial,850,30,60,Black,6.7,Medium,5480.0,827260.8,1808.4,1087,0.20125
Sesamum,Jangaon,800,30,60,Loamy,6.4,Medium,18324.0,2766191.04,6046.92,8565,0.421428571
Small Millets,Jayashankar Bhupalpally,980,30,60,Clay,6.5,High,134.0,20228.64,44.22,85,0.63
Soyabean,Jogulamba Gadwal,720,32,55,Loamy,6.4,Low,242517.0,36610366.32,80030.61,262188,1.067142857
Soyabean,Kamareddy,840,30,60,Loamy,6.4,Medium,122.0,18417.12,40.26,165,1.185
Sugarcane,Karimnagar,830,30,60,Black,6.7,Medium,38139.0,5757463.44,12585.87,3343035,83.8575
Sunflower,Khammam,1000,30,60,Clay,6.5,High,1369.0,206664.24,451.77,1395,1.013333333
Sunflower,Kumuram Bheem Asifabad,950,28,70,Black,6.7,High,17002.0,2566621.92,5610.66,24272,1.321111111
Sweet Potato,Mahabubabad,900,30,60,Clay,6.5,Medium,7.0,1056.72,2.31,55,7.9
Sweet Potato,Mahabubnagar,730,32,55,Loamy,6.4,Low,96.0,14492.16,31.68,744,7.745
Tobacco,Mancherial,890,30,60,Black,6.7,Medium,1534.0,231572.64,506.22,3466,3.016666667
Tobacco,Medak,780,30,60,Black,6.7,Low,4551.0,687018.96,1501.83,12509,2.82125
Turmeric,Medchal-Malkajgiri,710,30,60,Sandy,6.3,Low,43470.0,6562231.2,14345.1,216236,4.693333333
Urad,Mulugu,1150,28,70,Clay,6.5,High,19851.0,2996706.96,6550.83,13022,0.66875
Urad,Nagarkurnool,760,30,60,Loamy,6.4,Low,8164.0,1232437.44,2694.12,3316,0.41
Wheat,Nalgonda,770,32,55,Clay,6.5,Low,5828.0,879794.88,1923.24,6929,1.156
Other Oilseeds,Narayanpet,700,32,55,Sandy,6.3,Low,3475.0,524586.0,1146.75,92269,13.84
Arhar/Tur,Nirmal,910,28,70,Black,6.7,Medium,247514.0,39084935.74,81679.62,103903,0.496666667
Arhar/Tur,Nizamabad,880,30,60,Loamy,6.4,Medium,1415.0,223442.65,466.95,937,0.5225
Bajra,Peddapalli,820,30,60,Black,6.7,Medium,1632.0,257709.12,538.56,1531,0.882
Bajra,Rajanna Sircilla,810,30,60,Black,6.7,Medium,4268.0,673959.88,1408.44,4003,0.864
Banana,Rangareddy,720,30,60,Sandy,6.3,Low,1756.0,277289.96,579.48,84008,48.41333333
Cashewnut,Sangareddy,760,30,60,Black,6.7,Low,3036.0,479414.76,1001.88,2146,0.71
Castor Seed,Siddipet,790,30,60,Loamy,6.4,Low,47373.0,7480670.43,15633.09,16948,0.34875
Castor Seed,Suryapet,750,30,60,Clay,6.5,Low,601.0,94903.91,198.33,213,0.338
Coriander,Vikarabad,800,30,60,Loamy,6.4,Medium,11.0,1737.01,3.63,8,0.73
Coriander,Wanaparthy,730,30,60,Loamy,6.4,Low,998.0,157594.18,329.34,382,0.402857143
Cotton(Lint),Warangal,870,30,60,Black,6.7,Medium,1773256.0,280014855.0,585174.48,3733072,1.973333333
Cowpea(Lobia),Yadadri Bhuvanagiri,760,30,60,Clay,6.5,Low,2167.0,342190.97,715.11,1135,0.511666667
Cowpea(Lobia),Adilabad,920,28,70,Black,6.7,Medium,6021.0,950776.11,1986.93,16132,2.523333333
Dry Chillies,Bhadradri Kothagudem,1100,28,70,Clay,6.5,High,65188.0,10293837.08,21512.04,182753,2.255555556
Dry Chillies,Hanumakonda,860,30,60,Black,6.7,Medium,16409.0,2591145.19,5414.97,44857,2.717777778
Garlic,Hyderabad,700,32,55,Sandy,6.3,Low,285.0,45004.35,94.05,1009,3.5225
Ginger,Jagtial,850,30,60,Black,6.7,Medium,1822.0,287712.02,601.26,11862,5.5225
Ginger,Jangaon,800,30,60,Loamy,6.4,Medium,6.0,947.46,1.98,39,6.5
Gram,Jayashankar Bhupalpally,980,30,60,Clay,6.5,High,69846.0,11029381.86,23049.18,50357,0.917777778
Groundnut,Jogulamba Gadwal,720,32,55,Loamy,6.4,Low,13470.0,2127047.7,4445.1,21503,1.348333333
Groundnut,Kamareddy,840,30,60,Loamy,6.4,Medium,114331.0,18054008.21,37729.23,184409,1.725555556
Horse-Gram,Karimnagar,830,30,60,Black,6.7,Medium,510.0,80534.1,168.3,110,0.22
Horse-Gram,Khammam,1000,30,60,Clay,6.5,High,1530.0,241602.3,504.9,684,0.418888889
Jowar,Kumuram Bheem Asifabad,950,28,70,Black,6.7,High,45161.0,7131373.51,14903.13,50527,0.96
Jowar,Mahabubabad,900,30,60,Clay,6.5,Medium,31197.0,4926318.27,10295.01,25176,0.867777778
Linseed,Mahabubnagar,730,32,55,Loamy,6.4,Low,7.0,1105.37,2.31,3,0.43
Maize,Mancherial,890,30,60,Black,6.7,Medium,454308.0,71739776.28,149921.64,1161260,2.983333333
Maize,Medak,780,30,60,Black,6.7,Low,118486.0,18710124.26,39100.38,589814,4.658888889
Masoor,Medchal-Malkajgiri,710,30,60,Sandy,6.3,Low,46.0,7263.86,15.18,16,0.35
Moong(Green Gram),Mulugu,1150,28,70,Clay,6.5,High,411094.0,64915853.54,135661.02,421667,1.773333333
Moong(Green Gram),Nagarkurnool,760,30,60,Loamy,6.4,Low,152891.0,24143017.81,50454.03,213712,1.04
Onion,Nalgonda,770,32,55,Clay,6.5,Low,5269.0,832027.79,1738.77,74452,13.5075
Onion,Narayanpet,700,32,55,Sandy,6.3,Low,10462.0,1652054.42,3452.46,315376,28.95888889
Other  Rabi Pulses,Nirmal,910,28,70,Black,6.7,Medium,54.0,8527.14,17.82,21,0.305
Other Kharif Pulses,Nizamabad,880,30,60,Loamy,6.4,Medium,100.0,15791.0,33.0,37,0.343333333
Potato,Peddapalli,820,30,60,Black,6.7,Medium,2220.0,350560.2,732.6,28466,13.8
Ragi,Rajanna Sircilla,810,30,60,Black,6.7,Medium,742.0,117169.22,244.86,404,0.666666667
Ragi,Rangareddy,720,30,60,Sandy,6.3,Low,178.0,28107.98,58.74,110,0.663333333
Rapeseed &Mustard,Sangareddy,760,30,60,Black,6.7,Low,1365.0,215547.15,450.45,1665,1.023333333
Rice,Siddipet,790,30,60,Loamy,6.4,Low,748713.0,118229269.8,247075.29,2197030,2.822222222
Rice,Suryapet,750,30,60,Clay,6.5,Low,297475.0,46974277.25,98166.75,850259,2.785555556
Safflower,Vikarabad,800,30,60,Loamy,6.4,Medium,3855.0,608743.05,1272.15,2581,0.806
Sesamum,Wanaparthy,730,30,60,Loamy,6.4,Low,4012.0,633534.92,1323.96,148,0.068571429
Sesamum,Warangal,870,30,60,Black,6.7,Medium,9865.0,1557782.15,3255.45,2770,0.242857143
Small Millets,Yadadri Bhuvanagiri,760,30,60,Clay,6.5,Low,1246.0,196755.86,411.18,993,0.8
Small Millets,Adilabad,920,28,70,Black,6.7,Medium,64.0,10106.24,21.12,51,0.8
Soyabean,Bhadradri Kothagudem,1100,28,70,Clay,6.5,High,242802.0,38340863.82,80124.66,251597,1.063333333
Soyabean,Hanumakonda,860,30,60,Black,6.7,Medium,394.0,62216.54,130.02,420,1.055
Sugarcane,Hyderabad,700,32,55,Sandy,6.3,Low,34895.0,5510269.45,11515.35,2404655,70.39333333
Sunflower,Jagtial,850,30,60,Black,6.7,Medium,910.0,143698.1,300.3,828,0.91
Sunflower,Jangaon,800,30,60,Loamy,6.4,Medium,10637.0,1679688.67,3510.21,12502,1.076666667
Sweet Potato,Jayashankar Bhupalpally,980,30,60,Clay,6.5,High,87.0,13738.17,28.71,1230,13.3925
Tobacco,Jogulamba Gadwal,720,32,55,Loamy,6.4,Low,1512.0,238759.92,498.96,3702,3.676666667
Tobacco,Kamareddy,840,30,60,Loamy,6.4,Medium,4279.0,675696.89,1412.07,11455,3.42625
Turmeric,Karimnagar,830,30,60,Black,6.7,Medium,42535.0,6716701.85,14036.55,184285,4.352222222
Urad,Khammam,1000,30,60,Clay,6.5,High,23955.0,3782734.05,7905.15,11111,0.485
Urad,Kumuram Bheem Asifabad,950,28,70,Black,6.7,High,8126.0,1283176.66,2681.58,6400,0.77
Wheat,Mahabubabad,900,30,60,Clay,6.5,Medium,4952.0,781970.32,1634.16,16902,2.9475
Other Oilseeds,Mahabubnagar,730,32,55,Loamy,6.4,Low,3894.0,614901.54,1285.02,83261,21.38
Arhar/Tur,Mancherial,890,30,60,Black,6.7,Medium,386156.0,59178407.0,135154.6,261118,0.711
Arhar/Tur,Medak,780,30,60,Black,6.7,Low,1289.0,197539.25,451.15,1118,0.728235294
Bajra,Medchal-Malkajgiri,710,30,60,Sandy,6.3,Low,3134.0,480285.5,1096.9,2723,0.89
Bajra,Mulugu,1150,28,70,Clay,6.5,High,13563.0,2078529.75,4747.05,11791,0.87875
Banana,Nagarkurnool,760,30,60,Loamy,6.4,Low,1579.0,241981.75,552.65,72995,45.93
Cashewnut,Nalgonda,770,32,55,Clay,6.5,Low,1841.0,282133.25,644.35,773,0.395
Castor Seed,Narayanpet,700,32,55,Sandy,6.3,Low,44442.0,6810736.5,15554.7,26207,0.538333333
Castor Seed,Nirmal,910,28,70,Black,6.7,Medium,466.0,71414.5,163.1,272,0.521666667
Coriander,Nizamabad,880,30,60,Loamy,6.4,Medium,46.0,7049.5,16.1,20,0.575
Coriander,Peddapalli,820,30,60,Black,6.7,Medium,1899.0,291021.75,664.65,1212,0.627
Cotton(Lint),Rajanna Sircilla,810,30,60,Black,6.7,Medium,1408760.0,215892470.0,493066.0,3444408,2.445666667
Cowpea(Lobia),Rangareddy,720,30,60,Sandy,6.3,Low,1058.0,162138.5,370.3,647,0.55
Cowpea(Lobia),Sangareddy,760,30,60,Black,6.7,Low,4900.0,750925.0,1715.0,5230,1.1
Dry Chillies,Siddipet,790,30,60,Loamy,6.4,Low,109671.0,16807080.75,38384.85,401648,3.338666667
Dry Chillies,Suryapet,750,30,60,Clay,6.5,Low,14653.0,2245572.25,5128.55,81224,5.504347826
Garlic,Vikarabad,800,30,60,Loamy,6.4,Medium,191.0,29270.75,66.85,451,2.74
Ginger,Wanaparthy,730,30,60,Loamy,6.4,Low,1978.0,303128.5,692.3,13817,6.998
Ginger,Warangal,870,30,60,Black,6.7,Medium,39.0,5976.75,13.65,272,6.985
Gram,Yadadri Bhuvanagiri,760,30,60,Clay,6.5,Low,101431.0,15544300.75,35500.85,131781,1.324827586
Groundnut,Adilabad,920,28,70,Black,6.7,Medium,26674.0,4087790.5,9335.9,51597,2.272380952
Groundnut,Bhadradri Kothagudem,1100,28,70,Clay,6.5,High,140417.0,21518905.25,49145.95,290379,1.996896552
Horse-Gram,Hanumakonda,860,30,60,Black,6.7,Medium,353.0,54097.25,123.55,135,0.395714286
Horse-Gram,Hyderabad,700,32,55,Sandy,6.3,Low,1310.0,200757.5,458.5,500,0.360625
Jowar,Jagtial,850,30,60,Black,6.7,Medium,61943.0,9492764.75,21680.05,54600,0.840526316
Jowar,Jangaon,800,30,60,Loamy,6.4,Medium,27810.0,4261882.5,9733.5,33101,1.1768
Maize,Jayashankar Bhupalpally,980,30,60,Clay,6.5,High,636407.0,97529372.75,222742.45,1756790,3.304333333
Maize,Jogulamba Gadwal,720,32,55,Loamy,6.4,Low,165415.0,25349848.75,57895.25,1125685,6.661666667
Moong(Green Gram),Kamareddy,840,30,60,Loamy,6.4,Medium,134700.0,20642775.0,47145.0,82101,0.648666667
Moong(Green Gram),Karimnagar,830,30,60,Black,6.7,Medium,11023.0,1689274.75,3858.05,9955,0.90962963
Onion,Khammam,1000,30,60,Clay,6.5,High,6153.0,942947.25,2153.55,92896,15.68529412
Onion,Kumuram Bheem Asifabad,950,28,70,Black,6.7,High,9423.0,1444074.75,3298.05,309477,31.11925926
Potato,Mahabubabad,900,30,60,Clay,6.5,Medium,37.0,5670.25,12.95,405,10.795
Potato,Mahabubnagar,730,32,55,Loamy,6.4,Low,3192.0,489174.0,1117.2,32377,10.56111111
Ragi,Mancherial,890,30,60,Black,6.7,Medium,838.0,128423.5,293.3,971,1.094285714
Ragi,Medak,780,30,60,Black,6.7,Low,296.0,45362.0,103.6,341,1.1075
Rice,Medchal-Malkajgiri,710,30,60,Sandy,6.3,Low,889351.0,136293040.8,311272.85,3028634,3.229666667
Rice,Mulugu,1150,28,70,Clay,6.5,High,939223.0,143935924.8,328728.05,3570445,3.585
Safflower,Nagarkurnool,760,30,60,Loamy,6.4,Low,5.0,766.25,1.75,5,1.0
Safflower,Nalgonda,770,32,55,Clay,6.5,Low,4364.0,668783.0,1527.4,2892,0.731111111
Sesamum,Narayanpet,700,32,55,Sandy,6.3,Low,3268.0,500821.0,1143.8,438,0.150555556
Sesamum,Nirmal,910,28,70,Black,6.7,Medium,17626.0,2701184.5,6169.1,14161,0.807272727
Small Millets,Nizamabad,880,30,60,Loamy,6.4,Medium,851.0,130415.75,297.85,799,0.943333333
Small Millets,Peddapalli,820,30,60,Black,6.7,Medium,1.0,153.25,0.35,1,1.0
Soyabean,Rajanna Sircilla,810,30,60,Black,6.7,Medium,276543.0,42380214.75,96790.05,322395,1.270714286
Soyabean,Rangareddy,720,30,60,Sandy,6.3,Low,33.0,5057.25,11.55,32,0.985
Sugarcane,Sangareddy,760,30,60,Black,6.7,Low,29357.0,4498960.25,10274.95,2061312,65.524
Sunflower,Siddipet,790,30,60,Loamy,6.4,Low,951.0,145740.75,332.85,719,0.862
Sunflower,Suryapet,750,30,60,Clay,6.5,Low,4941.0,757208.25,1729.35,8865,1.781428571
Sweet Potato,Vikarabad,800,30,60,Loamy,6.4,Medium,199.0,30496.75,69.65,1672,9.564
Tobacco,Wanaparthy,730,30,60,Loamy,6.4,Low,2599.0,398296.75,909.65,7080,3.134
Tobacco,Warangal,870,30,60,Black,6.7,Medium,4005.0,613766.25,1401.75,11833,3.896923077
Turmeric,Yadadri Bhuvanagiri,760,30,60,Clay,6.5,Low,50566.0,7749239.5,17698.1,305043,5.839166667
Turmeric,Adilabad,920,28,70,Black,6.7,Medium,9.0,1379.25,3.15,54,6.0
Urad,Bhadradri Kothagudem,1100,28,70,Clay,6.5,High,41279.0,6326006.75,14447.65,33776,0.826666667
Urad,Hanumakonda,860,30,60,Black,6.7,Medium,10903.0,1670884.75,3816.05,9010,0.820416667
Wheat,Hyderabad,700,32,55,Sandy,6.3,Low,5409.0,828929.25,1893.15,7413,1.223571429
Arhar/Tur,Jagtial,850,30,60,Black,6.7,Medium,330021.0,51958506.24,125407.98,263513,0.782333333
Arhar/Tur,Jangaon,800,30,60,Loamy,6.4,Medium,338.0,53214.72,128.44,244,0.793636364
Bajra,Jayashankar Bhupalpally,980,30,60,Clay,6.5,High,944.0,148623.36,358.72,998,1.01
Bajra,Jogulamba Gadwal,720,32,55,Loamy,6.4,Low,7818.0,1230865.92,2970.84,8261,0.99
Banana,Kamareddy,840,30,60,Loamy,6.4,Medium,1717.0,270324.48,652.46,110607,64.51083333
Cashewnut,Karimnagar,830,30,60,Black,6.7,Medium,1578.0,248440.32,599.64,478,0.2925
Castor Seed,Khammam,1000,30,60,Clay,6.5,High,27876.0,4388797.44,10592.88,26131,0.93
Castor Seed,Kumuram Bheem Asifabad,950,28,70,Black,6.7,High,294.0,46287.36,111.72,281,0.92375
Coriander,Mahabubabad,900,30,60,Clay,6.5,Medium,16.0,2519.04,6.08,5,0.6
Coriander,Mahabubnagar,730,32,55,Loamy,6.4,Low,1204.0,189557.76,457.52,997,0.85625
Cotton(Lint),Mancherial,890,30,60,Black,6.7,Medium,1896993.0,298662577.9,720857.34,5195470,2.856333333
Cowpea(Lobia),Medak,780,30,60,Black,6.7,Low,1524.0,239938.56,579.12,1545,0.985625
Cowpea(Lobia),Medchal-Malkajgiri,710,30,60,Sandy,6.3,Low,3985.0,627398.4,1514.3,5192,1.31173913
Dry Chillies,Mulugu,1150,28,70,Clay,6.5,High,63117.0,9937140.48,23984.46,278946,3.95862069
Dry Chillies,Nagarkurnool,760,30,60,Loamy,6.4,Low,10660.0,1678310.4,4050.8,61858,5.780625
Garlic,Nalgonda,770,32,55,Clay,6.5,Low,189.0,29756.16,71.82,265,1.391666667
Ginger,Narayanpet,700,32,55,Sandy,6.3,Low,1840.0,289689.6,699.2,12982,5.628
Gram,Nirmal,910,28,70,Black,6.7,Medium,1.0,157.44,0.38,1,1.0
Gram,Nizamabad,880,30,60,Loamy,6.4,Medium,97442.0,15341268.48,37027.96,147772,1.520666667
Groundnut,Peddapalli,820,30,60,Black,6.7,Medium,21006.0,3307184.64,7982.28,45965,2.104
Groundnut,Rajanna Sircilla,810,30,60,Black,6.7,Medium,146057.0,22995214.08,55501.66,326551,2.1725
Jowar,Rangareddy,720,30,60,Sandy,6.3,Low,43138.0,6791646.72,16392.44,40723,0.921363636
Jowar,Sangareddy,760,30,60,Black,6.7,Low,24174.0,3805954.56,9186.12,32672,1.34625
Maize,Siddipet,790,30,60,Loamy,6.4,Low,463203.0,72926680.32,176017.14,1597928,4.169333333
Maize,Suryapet,750,30,60,Clay,6.5,Low,167254.0,26332469.76,63556.52,1154219,6.646333333
Moong(Green Gram),Vikarabad,800,30,60,Loamy,6.4,Medium,91534.0,14411112.96,34782.92,58434,0.663
Moong(Green Gram),Wanaparthy,730,30,60,Loamy,6.4,Low,6880.0,1083187.2,2614.4,5723,0.835416667
Onion,Warangal,870,30,60,Black,6.7,Medium,4319.0,679983.36,1641.22,79105,18.15833333
Onion,Yadadri Bhuvanagiri,760,30,60,Clay,6.5,Low,9378.0,1476472.32,3563.64,341048,34.61428571
Potato,Adilabad,920,28,70,Black,6.7,Medium,19.0,2991.36,7.22,163,7.94
Potato,Bhadradri Kothagudem,1100,28,70,Clay,6.5,High,2160.0,340070.4,820.8,25925,11.048
Ragi,Hanumakonda,860,30,60,Black,6.7,Medium,1181.0,185936.64,448.78,1355,1.18
Ragi,Hyderabad,700,32,55,Sandy,6.3,Low,274.0,43138.56,104.12,300,1.185
Rice,Jagtial,850,30,60,Black,6.7,Medium,1046987.0,164837633.3,397855.06,2946004,2.672333333
Rice,Jangaon,800,30,60,Loamy,6.4,Medium,915389.0,144118844.2,347847.82,3317425,3.532666667
Safflower,Jayashankar Bhupalpally,980,30,60,Clay,6.5,High,3862.0,608033.28,1467.56,2189,0.60625
Sesamum,Jogulamba Gadwal,720,32,55,Loamy,6.4,Low,1072.0,168775.68,407.36,252,0.217857143
Sesamum,Kamareddy,840,30,60,Loamy,6.4,Medium,15236.0,2398755.84,5789.68,8672,0.576086957
Small Millets,Karimnagar,830,30,60,Black,6.7,Medium,288.0,45342.72,109.44,382,1.33
Soyabean,Khammam,1000,30,60,Clay,6.5,High,152289.0,23976380.16,57869.82,247298,1.584090909
Sugarcane,Kumuram Bheem Asifabad,950,28,70,Black,6.7,High,35788.0,5634462.72,13599.44,2663092,77.33636364
Sunflower,Mahabubabad,900,30,60,Clay,6.5,Medium,411.0,64707.84,156.18,871,1.98
Sunflower,Mahabubnagar,730,32,55,Loamy,6.4,Low,3242.0,510420.48,1231.96,6924,2.028888889
Sweet Potato,Mancherial,890,30,60,Black,6.7,Medium,199.0,31330.56,75.62,1542,7.776666667
Tobacco,Medak,780,30,60,Black,6.7,Low,651.0,102493.44,247.38,1871,3.32
Tobacco,Medchal-Malkajgiri,710,30,60,Sandy,6.3,Low,3460.0,544742.4,1314.8,10646,3.88
Turmeric,Mulugu,1150,28,70,Clay,6.5,High,50154.0,7896245.76,19058.52,294561,5.892380952
Urad,Nagarkurnool,760,30,60,Loamy,6.4,Low,32181.0,5066576.64,12228.78,25976,0.813333333
Urad,Nalgonda,770,32,55,Clay,6.5,Low,6298.0,991557.12,2393.24,5537,0.899130435
Wheat,Narayanpet,700,32,55,Sandy,6.3,Low,2.0,314.88,0.76,2,1.0
Wheat,Nirmal,910,28,70,Black,6.7,Medium,4156.0,654320.64,1579.28,5771,1.429
Arhar/Tur,Nizamabad,880,30,60,Loamy,6.4,Medium,295753.0,47971136.6,103513.55,191176,0.7115625
Arhar/Tur,Peddapalli,820,30,60,Black,6.7,Medium,360.0,58392.0,126.0,221,0.675384615
Bajra,Rajanna Sircilla,810,30,60,Black,6.7,Medium,519.0,84181.8,181.65,258,0.455714286
Bajra,Rangareddy,720,30,60,Sandy,6.3,Low,7459.0,1209849.8,2610.65,3706,0.25
Banana,Sangareddy,760,30,60,Black,6.7,Low,1518.0,246219.6,531.3,93466,61.47185185
Cashewnut,Siddipet,790,30,60,Loamy,6.4,Low,1509.0,244759.8,528.15,371,0.246666667
Castor Seed,Suryapet,750,30,60,Clay,6.5,Low,19489.0,3161115.8,6821.15,14853,0.724
Castor Seed,Vikarabad,800,30,60,Loamy,6.4,Medium,463.0,75098.6,162.05,304,0.785555556
Coriander,Wanaparthy,730,30,60,Loamy,6.4,Low,7.0,1135.4,2.45,7,1.0
Coriander,Warangal,870,30,60,Black,6.7,Medium,1005.0,163011.0,351.75,1004,0.992727273
Cotton(Lint),Yadadri Bhuvanagiri,760,30,60,Clay,6.5,Low,1839735.0,298405017.0,643907.25,3847336,2.184375
Cowpea(Lobia),Adilabad,920,28,70,Black,6.7,Medium,1310.0,212482.0,458.5,1045,0.81
Cowpea(Lobia),Bhadradri Kothagudem,1100,28,70,Clay,6.5,High,3925.0,636635.0,1373.75,4411,1.134090909
Dry Chillies,Hanumakonda,860,30,60,Black,6.7,Medium,74559.0,12093469.8,26095.65,320087,4.320967742
Dry Chillies,Hyderabad,700,32,55,Sandy,6.3,Low,7962.0,1291436.4,2786.7,48929,6.026666667
Garlic,Jagtial,850,30,60,Black,6.7,Medium,86.0,13949.2,30.1,220,2.463333333
Ginger,Jangaon,800,30,60,Loamy,6.4,Medium,1615.0,261953.0,565.25,11166,6.954
Ginger,Jayashankar Bhupalpally,980,30,60,Clay,6.5,High,8.0,1297.6,2.8,55,6.915
Gram,Jogulamba Gadwal,720,32,55,Loamy,6.4,Low,104391.0,16932220.2,36536.85,163835,1.575
Groundnut,Kamareddy,840,30,60,Loamy,6.4,Medium,13157.0,2134065.4,4604.95,32947,2.439565217
Groundnut,Karimnagar,830,30,60,Black,6.7,Medium,113355.0,18386181.0,39674.25,282189,2.329
Horse-Gram,Khammam,1000,30,60,Clay,6.5,High,144.0,23356.8,50.4,92,0.654
Horse-Gram,Kumuram Bheem Asifabad,950,28,70,Black,6.7,High,736.0,119379.2,257.6,467,0.668571429
Jowar,Mahabubabad,900,30,60,Clay,6.5,Medium,34894.0,5659806.8,12212.9,32485,0.941904762
Jowar,Mahabubnagar,730,32,55,Loamy,6.4,Low,21185.0,3436207.0,7414.75,35026,1.624230769
Maize,Mancherial,890,30,60,Black,6.7,Medium,426342.0,69152672.4,149219.7,1323976,3.95625
Maize,Medak,780,30,60,Black,6.7,Low,116724.0,18932632.8,40853.4,759015,6.026451613
Moong(Green Gram),Medchal-Malkajgiri,710,30,60,Sandy,6.3,Low,65643.0,10647294.6,22975.05,41307,0.618
Moong(Green Gram),Mulugu,1150,28,70,Clay,6.5,High,6648.0,1078305.6,2326.8,6301,0.961923077
Onion,Nagarkurnool,760,30,60,Loamy,6.4,Low,4812.0,780506.4,1684.2,62954,12.82
Onion,Nalgonda,770,32,55,Clay,6.5,Low,7422.0,1203848.4,2597.7,216343,28.15518519
Potato,Narayanpet,700,32,55,Sandy,6.3,Low,8.0,1297.6,2.8,24,3.0
Potato,Nirmal,910,28,70,Black,6.7,Medium,1939.0,314505.8,678.65,36016,16.048
Ragi,Nizamabad,880,30,60,Loamy,6.4,Medium,1034.0,167714.8,361.9,1011,0.974285714
Ragi,Peddapalli,820,30,60,Black,6.7,Medium,176.0,28547.2,61.6,173,0.994285714
Rice,Rajanna Sircilla,810,30,60,Black,6.7,Medium,1189264.0,192898620.8,416242.4,4135049,3.3065625
Rice,Rangareddy,720,30,60,Sandy,6.3,Low,742508.0,120434797.6,259877.8,2533895,3.208125
Safflower,Sangareddy,760,30,60,Black,6.7,Low,2552.0,413934.4,893.2,1543,0.749
Sesamum,Siddipet,790,30,60,Loamy,6.4,Low,770.0,124894.0,269.5,132,0.167857143
Sesamum,Suryapet,750,30,60,Clay,6.5,Low,16893.0,2740044.6,5912.55,11831,0.687727273
Small Millets,Vikarabad,800,30,60,Loamy,6.4,Medium,96.0,15571.2,33.6,97,0.986666667
Small Millets,Wanaparthy,730,30,60,Loamy,6.4,Low,24.0,3892.8,8.4,24,1.0
Soyabean,Warangal,870,30,60,Black,6.7,Medium,148113.0,24023928.6,51839.55,234599,1.544705882
Sugarcane,Yadadri Bhuvanagiri,760,30,60,Clay,6.5,Low,39824.0,6459452.8,13938.4,3169577,80.47047619
Sunflower,Adilabad,920,28,70,Black,6.7,Medium,124.0,20112.8,43.4,243,1.98
Sunflower,Bhadradri Kothagudem,1100,28,70,Clay,6.5,High,2414.0,391550.8,844.9,4733,1.984
Sweet Potato,Hanumakonda,860,30,60,Black,6.7,Medium,6.0,973.2,2.1,38,6.33
Sweet Potato,Hyderabad,700,32,55,Sandy,6.3,Low,83.0,13462.6,29.05,527,6.35
Tobacco,Jagtial,850,30,60,Black,6.7,Medium,1150.0,186530.0,402.5,3423,4.306666667
Tobacco,Jangaon,800,30,60,Loamy,6.4,Medium,2891.0,468920.2,1011.85,9132,4.26
Turmeric,Jayashankar Bhupalpally,980,30,60,Clay,6.5,High,53104.0,8613468.8,18586.4,345270,6.31
Urad,Jogulamba Gadwal,720,32,55,Loamy,6.4,Low,26783.0,4344202.6,9374.05,22628,0.862307692
Urad,Kamareddy,840,30,60,Loamy,6.4,Medium,5289.0,857875.8,1851.15,7828,1.3956
Wheat,Karimnagar,830,30,60,Black,6.7,Medium,4844.0,785696.8,1695.4,9093,1.807
Arhar/Tur,Khammam,1000,30,60,Clay,6.5,High,294597.0,50599980.72,109000.89,265906,1.5628125
Arhar/Tur,Kumuram Bheem Asifabad,950,28,70,Black,6.7,High,333.0,57196.08,123.21,230,0.775833333
Bajra,Mahabubabad,900,30,60,Clay,6.5,Medium,829.0,142389.04,306.73,1007,1.1275
Bajra,Mahabubnagar,730,32,55,Loamy,6.4,Low,8250.0,1417020.0,3052.5,9509,1.005833333
Banana,Mancherial,890,30,60,Black,6.7,Medium,1670.0,286839.2,617.9,98707,59.12423077
Cashewnut,Medak,780,30,60,Black,6.7,Low,1521.0,261246.96,562.77,465,0.306666667
Castor Seed,Medchal-Malkajgiri,710,30,60,Sandy,6.3,Low,25921.0,4452190.96,9590.77,33945,1.277222222
Castor Seed,Mulugu,1150,28,70,Clay,6.5,High,2046.0,351420.96,757.02,3313,1.235714286
Coriander,Nagarkurnool,760,30,60,Loamy,6.4,Low,48.0,8244.48,17.76,45,0.97875
Coriander,Nalgonda,770,32,55,Clay,6.5,Low,585.0,100479.6,216.45,542,1.016
Cotton(Lint),Narayanpet,700,32,55,Sandy,6.3,Low,2126621.0,365268423.0,786849.77,6833175,3.2490625
Cowpea(Lobia),Nirmal,910,28,70,Black,6.7,Medium,781.0,134144.56,288.97,552,0.7692
Cowpea(Lobia),Nizamabad,880,30,60,Loamy,6.4,Medium,2378.0,408445.28,879.86,2311,0.965172414
Dry Chillies,Peddapalli,820,30,60,Black,6.7,Medium,72080.0,12380460.8,26669.6,386314,5.056451613
Dry Chillies,Rajanna Sircilla,810,30,60,Black,6.7,Medium,8499.0,1459788.24,3144.63,50064,5.682608696
Garlic,Rangareddy,720,30,60,Sandy,6.3,Low,23.0,3950.48,8.51,108,4.578333333
Ginger,Sangareddy,760,30,60,Black,6.7,Low,2409.0,413769.84,891.33,15903,6.696
Gram,Siddipet,790,30,60,Loamy,6.4,Low,129914.0,22314028.64,48068.18,199000,1.475333333
Groundnut,Suryapet,750,30,60,Clay,6.5,Low,12363.0,2123468.88,4574.31,33907,2.6504
Groundnut,Vikarabad,800,30,60,Loamy,6.4,Medium,98576.0,16931413.76,36473.12,231466,2.293870968
Horse-Gram,Wanaparthy,730,30,60,Loamy,6.4,Low,431.0,74028.56,159.47,371,0.818333333
Horse-Gram,Warangal,870,30,60,Black,6.7,Medium,619.0,106319.44,229.03,539,0.870526316
Jowar,Yadadri Bhuvanagiri,760,30,60,Clay,6.5,Low,57139.0,9814194.64,21141.43,67628,1.164482759
Jowar,Adilabad,920,28,70,Black,6.7,Medium,31090.0,5340018.4,11503.3,66128,1.984814815
Maize,Bhadradri Kothagudem,1100,28,70,Clay,6.5,High,390692.0,67105257.92,144556.04,1893085,5.12125
Maize,Hanumakonda,860,30,60,Black,6.7,Medium,252561.0,43379877.36,93447.57,1750601,6.5721875
Moong(Green Gram),Hyderabad,700,32,55,Sandy,6.3,Low,59908.0,10289798.08,22165.96,47192,0.750967742
Moong(Green Gram),Jagtial,850,30,60,Black,6.7,Medium,5904.0,1014071.04,2184.48,5598,0.953214286
Onion,Jangaon,800,30,60,Loamy,6.4,Medium,2383.0,409304.08,881.71,53176,21.95478261
Onion,Jayashankar Bhupalpally,980,30,60,Clay,6.5,High,5026.0,863265.76,1859.62,172149,32.85966667
Potato,Jogulamba Gadwal,720,32,55,Loamy,6.4,Low,994.0,170729.44,367.78,12455,12.98
Ragi,Kamareddy,840,30,60,Loamy,6.4,Medium,1488.0,255578.88,550.56,2355,1.644285714
Ragi,Karimnagar,830,30,60,Black,6.7,Medium,262.0,45001.12,96.94,417,1.572857143
Rice,Khammam,1000,30,60,Clay,6.5,High,1631151.0,280166495.8,603525.87,5985349,3.575625
Rice,Kumuram Bheem Asifabad,950,28,70,Black,6.7,High,1585062.0,272250249.1,586472.94,5900447,3.610625
Safflower,Mahabubabad,900,30,60,Clay,6.5,Medium,1584.0,272067.84,586.08,1750,1.106363636
Sesamum,Mahabubnagar,730,32,55,Loamy,6.4,Low,495.0,85021.2,183.15,72,0.095
Sesamum,Mancherial,890,30,60,Black,6.7,Medium,19765.0,3394836.4,7313.05,12579,0.653
Small Millets,Medak,780,30,60,Black,6.7,Low,924.0,158706.24,341.88,1579,1.692
Small Millets,Medchal-Malkajgiri,710,30,60,Sandy,6.3,Low,69.0,11851.44,25.53,106,1.825
Soyabean,Mulugu,1150,28,70,Clay,6.5,High,172092.0,29558521.92,63674.04,311224,1.791176471
Sugarcane,Nagarkurnool,760,30,60,Loamy,6.4,Low,26115.0,4485512.4,9662.55,2021771,84.7273913
Sunflower,Nalgonda,770,32,55,Clay,6.5,Low,63.0,10820.88,23.31,141,2.268
Sunflower,Narayanpet,700,32,55,Sandy,6.3,Low,4469.0,767595.44,1653.53,9969,2.166153846
Sweet Potato,Nirmal,910,28,70,Black,6.7,Medium,15.0,2576.4,5.55,235,15.76666667
Sweet Potato,Nizamabad,880,30,60,Loamy,6.4,Medium,108.0,18550.08,39.96,1693,15.6875
Tobacco,Peddapalli,820,30,60,Black,6.7,Medium,1358.0,233250.08,502.46,4173,3.01
Tobacco,Rajanna Sircilla,810,30,60,Black,6.7,Medium,1595.0,273957.2,590.15,4962,3.037777778
Turmeric,Rangareddy,720,30,60,Sandy,6.3,Low,55444.0,9523061.44,20514.28,386596,7.013181818
Urad,Sangareddy,760,30,60,Black,6.7,Low,14723.0,2528822.48,5447.51,13805,0.931481481
Urad,Siddipet,790,30,60,Loamy,6.4,Low,6816.0,1170716.16,2521.92,12269,1.787692308
Wheat,Suryapet,750,30,60,Clay,6.5,Low,4471.0,767938.96,1654.27,8237,1.798461538
